uniprot,model_resi,wt_resn,mut_resn,ca_dev_A,plddt_wt,plddt_mut,d_plddt
34,1,THR,THR,0.5011,77.75,75.96,-1.79
35,2,ASP,ASP,0.2315,91.30,90.94,-0.36
36,3,ALA,ALA,0.0777,96.38,95.79,-0.59
37,4,LEU,LEU,0.0852,98.59,98.29,-0.30
38,5,ASN,ASN,0.0832,98.88,98.76,-0.12
39,6,VAL,VAL,0.0755,98.91,98.74,-0.17
40,7,LEU,LEU,0.0728,98.94,98.83,-0.11
41,8,LEU,LEU,0.0653,98.98,98.88,-0.10
42,9,ILE,ILE,0.0653,98.98,98.99,0.01
43,10,ILE,ILE,0.0657,98.98,98.75,-0.23
44,11,VAL,VAL,0.0579,98.86,98.75,-0.11
45,12,ASP,ASP,0.0380,98.79,98.57,-0.22
46,13,ASP,ASP,0.0639,98.76,98.58,-0.18
47,14,LEU,LEU,0.0244,98.80,98.72,-0.08
48,15,ARG,ARG,0.0297,98.80,98.83,0.03
49,16,PRO,PRO,0.0265,98.71,98.72,0.01
50,17,SER,SER,0.0572,98.77,98.76,-0.01
51,18,LEU,LEU,0.0470,98.33,98.43,0.10
52,19,GLY,GLY,0.0497,97.64,97.60,-0.04
53,20,CYS,CYS,0.0472,97.89,97.99,0.10
54,21,TYR,TYR,0.0506,98.18,98.15,-0.03
55,22,GLY,GLY,0.0558,97.04,97.01,-0.03
56,23,ASP,ASP,0.0681,97.49,97.16,-0.33
57,24,LYS,LYS,0.1018,96.15,95.98,-0.17
58,25,LEU,LEU,0.0572,97.69,97.45,-0.24
59,26,VAL,VAL,0.0543,98.14,98.00,-0.14
60,27,ARG,ARG,0.1284,98.24,98.11,-0.13
61,28,SER,SER,0.0495,98.14,98.10,-0.04
62,29,PRO,PRO,0.0358,98.15,98.09,-0.06
63,30,ASN,ASN,0.0336,98.36,98.36,0.00
64,31,ILE,ILE,0.0333,98.48,98.46,-0.02
65,32,ASP,ASP,0.0273,98.08,98.17,0.09
66,33,GLN,GLN,0.0319,98.07,98.09,0.02
67,34,LEU,LEU,0.0361,98.38,98.37,-0.01
68,35,ALA,ALA,0.0279,98.12,98.30,0.18
69,36,SER,SER,0.0382,97.82,97.84,0.02
70,37,HIS,HIS,0.0485,97.87,97.75,-0.12
71,38,SER,SER,0.0590,97.88,97.76,-0.12
72,39,LEU,LEU,0.0805,97.91,97.84,-0.07
73,40,LEU,LEU,0.0761,98.27,98.19,-0.08
74,41,PHE,PHE,0.0831,98.30,98.24,-0.06
75,42,GLN,GLN,0.0865,98.28,98.25,-0.03
76,43,ASN,ASN,0.0734,98.27,98.37,0.10
77,44,ALA,ALA,0.0710,98.76,98.77,0.01
78,45,PHE,PHE,0.0801,98.87,98.75,-0.12
79,46,ALA,ALA,0.0702,98.78,98.69,-0.09
80,47,GLN,GLN,0.0829,98.66,98.39,-0.27
81,48,GLN,GLN,0.0676,98.80,98.54,-0.26
82,49,ALA,ALA,0.0716,98.72,98.13,-0.59
83,50,VAL,VAL,0.0653,98.69,97.79,-0.90
84,51,CYS,CYS,0.0763,98.61,97.43,-1.18
85,52,ALA,ALA,0.0851,98.62,96.42,-2.20
86,53,PRO,PRO,0.0807,98.81,97.92,-0.89
87,54,SER,SER,0.0735,98.85,98.39,-0.46
88,55,ARG,ARG,0.0643,98.92,98.00,-0.92
89,56,VAL,VAL,0.0652,98.82,97.31,-1.51
90,57,SER,SER,0.0631,98.91,98.11,-0.80
91,58,PHE,PHE,0.0656,98.86,98.26,-0.60
92,59,LEU,LEU,0.0518,98.90,97.52,-1.38
93,60,THR,THR,0.0788,98.85,97.58,-1.27
94,61,GLY,GLY,0.0821,98.78,97.97,-0.81
95,62,ARG,ARG,0.0608,98.83,98.31,-0.52
96,63,ARG,ARG,0.1011,98.85,98.35,-0.50
97,64,PRO,PRO,0.1090,98.86,97.88,-0.98
98,65,ASP,ASP,0.0951,98.70,97.83,-0.87
99,66,THR,THR,0.0877,98.62,97.30,-1.32
100,67,THR,THR,0.0897,98.66,96.35,-2.31
101,68,ARG,ARG,0.1117,98.78,97.79,-0.99
102,69,LEU,LEU,0.1005,98.78,96.55,-2.23
103,70,TYR,TYR,0.0669,98.74,97.11,-1.63
104,71,ASP,ASP,0.0548,98.19,95.17,-3.02
105,72,PHE,PHE,0.1384,97.52,95.34,-2.18
106,73,ASN,ASN,0.0769,98.21,93.11,-5.10
107,74,SER,SER,0.0896,98.53,93.63,-4.90
108,75,TYR,TYR,0.1220,98.39,89.78,-8.61
109,76,TRP,TRP,0.1001,98.48,90.69,-7.79
110,77,ARG,ARG,0.1205,98.40,87.93,-10.47
111,78,VAL,VAL,0.1130,97.65,89.66,-7.99
112,79,HIS,HIS,0.0958,95.15,88.95,-6.20
113,80,ALA,ALA,0.0700,97.20,90.51,-6.69
114,81,GLY,GLY,0.0794,97.94,90.43,-7.51
115,82,ASN,ASN,0.0841,98.52,92.60,-5.92
116,83,PHE,PHE,0.0764,98.73,92.04,-6.69
117,84,SER,SER,0.0481,98.83,94.93,-3.90
118,85,THR,THR,0.0424,98.82,96.04,-2.78
119,86,ILE,ILE,0.0455,98.95,96.97,-1.98
120,87,PRO,PRO,0.0556,98.95,95.49,-3.46
121,88,GLN,GLN,0.0451,98.95,95.37,-3.58
122,89,TYR,TYR,0.0639,98.94,97.30,-1.64
123,90,PHE,PHE,0.1251,98.96,97.65,-1.31
124,91,LYS,LYS,0.1131,98.85,95.76,-3.09
125,92,GLU,GLU,0.0627,98.81,96.20,-2.61
126,93,ASN,ASN,0.0856,98.70,97.64,-1.06
127,94,GLY,GLY,0.1003,98.54,96.53,-2.01
128,95,TYR,TYR,0.0830,98.80,97.61,-1.19
129,96,VAL,VAL,0.0986,98.82,97.00,-1.82
130,97,THR,THR,0.1380,98.80,96.14,-2.66
131,98,MET,MET,0.1049,98.88,96.58,-2.30
132,99,SER,SER,0.1051,98.80,95.03,-3.77
133,100,VAL,VAL,0.0877,98.89,97.17,-1.72
134,101,GLY,GLY,0.0759,98.41,96.12,-2.29
135,102,LYS,LYS,0.0713,98.53,96.24,-2.29
136,103,VAL,VAL,0.0662,98.72,96.21,-2.51
137,104,PHE,PHE,0.1585,98.46,94.67,-3.79
138,105,HIS,HIS,0.1711,98.00,87.41,-10.59
139,106,PRO,PRO,0.1313,97.42,89.03,-8.39
140,107,GLY,GLY,0.1220,97.25,88.05,-9.20
141,108,ILE,ILE,0.1305,98.15,87.18,-10.97
142,109,SER,SER,0.1102,98.03,82.00,-16.03
143,110,SER,SER,0.1177,97.93,85.62,-12.31
144,111,ASN,ASN,0.1272,97.79,85.89,-11.90
145,112,HIS,HIS,0.1683,97.40,86.60,-10.80
146,113,THR,THR,0.1798,97.58,84.88,-12.70
147,114,ASP,ASP,0.1882,98.36,86.97,-11.39
148,115,ASP,ASP,0.2640,98.17,84.89,-13.28
149,116,SER,SER,0.2096,95.93,84.61,-11.32
150,117,PRO,PRO,0.5180,97.05,82.28,-14.77
151,118,TYR,TYR,0.6396,98.53,84.40,-14.13
152,119,SER,ILE,0.9088,98.79,84.18,-14.61
153,120,TRP,TRP,0.4239,98.54,89.66,-8.88
154,121,SER,SER,0.4046,98.33,85.61,-12.72
155,122,PHE,PHE,0.4397,95.34,84.61,-10.73
156,123,PRO,PRO,0.3104,96.43,85.54,-10.89
157,124,PRO,PRO,0.1135,98.21,91.82,-6.39
158,125,TYR,TYR,0.1161,98.49,93.89,-4.60
159,126,HIS,HIS,0.1129,98.22,94.92,-3.30
160,127,PRO,PRO,0.1190,97.77,95.38,-2.39
161,128,SER,SER,0.1364,96.05,94.08,-1.97
162,129,SER,SER,0.1136,94.39,92.97,-1.42
163,130,GLU,GLU,0.1436,94.37,93.95,-0.42
164,131,LYS,LYS,0.1655,92.14,91.11,-1.03
165,132,TYR,TYR,0.1114,92.03,91.72,-0.31
166,133,GLU,GLU,0.0744,91.88,92.16,0.28
167,134,ASN,ASN,0.1221,92.87,92.49,-0.38
168,135,THR,THR,0.1337,92.02,91.90,-0.12
169,136,LYS,LYS,0.1287,93.09,93.28,0.19
170,137,THR,THR,0.1105,94.55,94.66,0.11
171,138,CYS,CYS,0.0838,95.45,95.66,0.21
172,139,ARG,ARG,0.0863,93.54,93.93,0.39
173,140,GLY,GLY,0.1197,92.80,93.80,1.00
174,141,PRO,PRO,0.1331,92.17,93.47,1.30
175,142,ASP,ASP,0.0944,90.99,91.95,0.96
176,143,GLY,GLY,0.1146,92.78,93.06,0.28
177,144,GLU,GLU,0.1006,94.22,94.11,-0.11
178,145,LEU,LEU,0.1017,93.74,93.64,-0.10
179,146,HIS,HIS,0.1005,94.84,95.23,0.39
180,147,ALA,ALA,0.0860,94.79,94.85,0.06
181,148,ASN,ASN,0.0491,95.88,96.29,0.41
182,149,LEU,LEU,0.0331,97.13,97.42,0.29
183,150,LEU,LEU,0.0418,97.75,97.98,0.23
184,151,CYS,CYS,0.0506,97.74,97.94,0.20
185,152,PRO,PRO,0.0438,97.33,97.44,0.11
186,153,VAL,VAL,0.0798,95.93,95.82,-0.11
187,154,ASP,ASP,0.1036,95.00,94.54,-0.46
188,155,VAL,VAL,0.0958,93.82,93.14,-0.68
189,156,LEU,LEU,0.0725,91.89,91.28,-0.61
190,157,ASP,ASP,0.0665,91.21,90.63,-0.58
191,158,VAL,VAL,0.0854,91.34,90.84,-0.50
192,159,PRO,PRO,0.1103,92.45,91.37,-1.08
193,160,GLU,GLU,0.0978,92.42,91.60,-0.82
194,161,GLY,GLY,0.0996,92.75,91.89,-0.86
195,162,THR,THR,0.1152,95.47,94.95,-0.52
196,163,LEU,LEU,0.1116,96.61,96.24,-0.37
197,164,PRO,PRO,0.0957,97.38,96.78,-0.60
198,165,ASP,ASP,0.0824,98.21,97.74,-0.47
199,166,LYS,LYS,0.1029,97.95,97.49,-0.46
200,167,GLN,GLN,0.1016,97.68,96.77,-0.91
201,168,SER,SER,0.0942,98.32,97.50,-0.82
202,169,THR,THR,0.0947,98.67,98.36,-0.31
203,170,GLU,GLU,0.1206,98.22,97.52,-0.70
204,171,GLN,GLN,0.1071,98.72,97.43,-1.29
205,172,ALA,ALA,0.1051,98.80,97.80,-1.00
206,173,ILE,ILE,0.1140,98.87,98.16,-0.71
207,174,GLN,GLN,0.1121,98.72,96.64,-2.08
208,175,LEU,LEU,0.1086,98.77,96.56,-2.21
209,176,LEU,LEU,0.1262,98.77,97.36,-1.41
210,177,GLU,GLU,0.1557,98.58,97.18,-1.40
211,178,LYS,LYS,0.1247,98.35,96.08,-2.27
212,179,MET,MET,0.1432,97.67,95.88,-1.79
213,180,LYS,LYS,0.2966,96.23,96.04,-0.19
214,181,THR,THR,0.3828,94.31,94.03,-0.28
215,182,SER,SER,0.2525,95.81,94.71,-1.10
216,183,ALA,ALA,0.1310,96.57,95.37,-1.20
217,184,SER,SER,0.1003,98.22,97.04,-1.18
218,185,PRO,PRO,0.0720,98.72,98.10,-0.62
219,186,PHE,PHE,0.0703,98.82,98.24,-0.58
220,187,PHE,PHE,0.0866,98.99,97.89,-1.10
221,188,LEU,LEU,0.0826,98.82,97.83,-0.99
222,189,ALA,ALA,0.0858,98.98,97.78,-1.20
223,190,VAL,VAL,0.0696,98.98,98.47,-0.51
224,191,GLY,GLY,0.0684,98.80,98.33,-0.47
225,192,TYR,TYR,0.0581,98.81,98.53,-0.28
226,193,HIS,HIS,0.0494,98.25,97.88,-0.37
227,194,LYS,LYS,0.0123,98.08,97.77,-0.31
228,195,PRO,PRO,0.0197,98.45,98.29,-0.16
229,196,HIS,HIS,0.0225,98.08,97.86,-0.22
230,197,ILE,ILE,0.0335,97.35,97.26,-0.09
231,198,PRO,PRO,0.0310,97.25,97.47,0.22
232,199,PHE,PHE,0.0235,97.90,97.91,0.01
233,200,ARG,ARG,0.0642,97.65,97.59,-0.06
234,201,TYR,TYR,0.0596,97.68,97.65,-0.03
235,202,PRO,PRO,0.0895,97.26,97.38,0.12
236,203,LYS,LYS,0.0804,97.24,97.23,-0.01
237,204,GLU,GLU,0.0756,97.88,98.07,0.19
238,205,PHE,PHE,0.0712,98.12,98.32,0.20
239,206,GLN,GLN,0.0696,98.49,98.37,-0.12
240,207,LYS,LYS,0.0598,98.21,98.20,-0.01
241,208,LEU,LEU,0.0557,98.35,98.35,0.00
242,209,TYR,TYR,0.0429,98.63,98.54,-0.09
243,210,PRO,PRO,0.0194,98.49,98.36,-0.13
244,211,LEU,LEU,0.0302,98.27,97.99,-0.28
245,212,GLU,GLU,0.0339,97.74,97.44,-0.30
246,213,ASN,ASN,0.0350,96.09,95.26,-0.83
247,214,ILE,ILE,0.0492,97.40,97.11,-0.29
248,215,THR,THR,0.0502,97.68,97.36,-0.32
249,216,LEU,LEU,0.0470,98.42,98.30,-0.12
250,217,ALA,ALA,0.0577,98.52,98.53,0.01
251,218,PRO,PRO,0.0797,98.35,98.28,-0.07
252,219,ASP,ASP,0.0733,98.76,98.77,0.01
253,220,PRO,PRO,0.0929,98.56,98.46,-0.10
254,221,GLU,GLU,0.0941,98.51,98.43,-0.08
255,222,VAL,VAL,0.1031,98.50,98.41,-0.09
256,223,PRO,PRO,0.1162,98.56,98.47,-0.09
257,224,ASP,ASP,0.1289,97.38,97.25,-0.13
258,225,GLY,GLY,0.1113,97.54,97.53,-0.01
259,226,LEU,LEU,0.0794,98.58,98.59,0.01
260,227,PRO,PRO,0.0756,98.70,98.70,0.00
261,228,PRO,PRO,0.0642,98.81,98.72,-0.09
262,229,VAL,VAL,0.0702,98.83,98.73,-0.10
263,230,ALA,ALA,0.0664,98.86,98.77,-0.09
264,231,TYR,TYR,0.0318,98.58,98.48,-0.10
265,232,ASN,ASN,0.0292,97.98,97.75,-0.23
266,233,PRO,PRO,0.0306,97.99,97.57,-0.42
267,234,TRP,TRP,0.0393,98.18,97.99,-0.19
268,235,MET,MET,0.0394,97.71,97.40,-0.31
269,236,ASP,ASP,0.0857,95.40,94.83,-0.57
270,237,ILE,ILE,0.0389,95.41,95.21,-0.20
271,238,ARG,ARG,0.0820,95.97,95.96,-0.01
272,239,GLN,GLN,0.1644,94.78,94.57,-0.21
273,240,ARG,ARG,0.0707,96.28,96.55,0.27
274,241,GLU,GLU,0.0794,96.38,96.65,0.27
275,242,ASP,ASP,0.0671,96.98,97.15,0.17
276,243,VAL,VAL,0.1107,97.20,97.44,0.24
277,244,GLN,GLN,0.1548,97.36,97.58,0.22
278,245,ALA,ALA,0.1136,96.61,96.84,0.23
279,246,LEU,LEU,0.1066,97.45,97.26,-0.19
280,247,ASN,ASN,0.1057,97.19,96.96,-0.23
281,248,ILE,ILE,0.0935,97.30,97.03,-0.27
282,249,SER,SER,0.0877,97.75,97.49,-0.26
283,250,VAL,VAL,0.0707,97.78,97.27,-0.51
284,251,PRO,PRO,0.0659,97.94,97.63,-0.31
285,252,TYR,TYR,0.0829,97.94,97.61,-0.33
286,253,GLY,GLY,0.0760,96.55,96.49,-0.06
287,254,PRO,PRO,0.0775,98.02,97.93,-0.09
288,255,ILE,ILE,0.0635,98.57,98.38,-0.19
289,256,PRO,PRO,0.0700,98.64,98.52,-0.12
290,257,VAL,VAL,0.0691,98.61,98.51,-0.10
291,258,ASP,ASP,0.0552,98.67,98.55,-0.12
292,259,PHE,PHE,0.0601,98.56,98.67,0.11
293,260,GLN,GLN,0.0540,98.73,98.74,0.01
294,261,ARG,ARG,0.0385,98.89,98.89,0.00
295,262,LYS,LYS,0.0358,98.75,98.78,0.03
296,263,ILE,ILE,0.0197,98.75,98.78,0.03
297,264,ARG,ARG,0.0242,98.97,98.86,-0.11
298,265,GLN,GLN,0.0094,98.86,98.86,0.00
299,266,SER,SER,0.0209,98.80,98.80,0.00
300,267,TYR,TYR,0.0185,98.84,98.84,0.00
301,268,PHE,PHE,0.0165,98.88,98.86,-0.02
302,269,ALA,ALA,0.0323,98.74,98.81,0.07
303,270,SER,SER,0.0358,98.74,98.82,0.08
304,271,VAL,VAL,0.0398,98.83,98.82,-0.01
305,272,SER,SER,0.0446,98.62,98.73,0.11
306,273,TYR,TYR,0.0620,98.54,98.50,-0.04
307,274,LEU,LEU,0.0559,98.69,98.66,-0.03
308,275,ASP,ASP,0.0473,98.72,98.81,0.09
309,276,THR,THR,0.0645,98.53,98.64,0.11
310,277,GLN,GLN,0.0788,98.64,98.63,-0.01
311,278,VAL,VAL,0.0696,98.81,98.82,0.01
312,279,GLY,GLY,0.0565,98.89,98.86,-0.03
313,280,ARG,ARG,0.0669,98.81,98.81,0.00
314,281,LEU,LEU,0.0791,98.96,98.87,-0.09
315,282,LEU,LEU,0.0801,98.96,98.89,-0.07
316,283,SER,SER,0.0770,98.86,98.85,-0.01
317,284,ALA,ALA,0.0866,98.84,98.73,-0.11
318,285,LEU,LEU,0.1044,98.72,98.60,-0.12
319,286,ASP,ASP,0.0988,97.89,97.89,0.00
320,287,ASP,ASP,0.0849,98.28,98.19,-0.09
321,288,LEU,LEU,0.0657,97.94,97.83,-0.11
322,289,GLN,GLN,0.1164,97.23,97.14,-0.09
323,290,LEU,LEU,0.0757,97.86,97.77,-0.09
324,291,ALA,ALA,0.0576,97.71,97.62,-0.09
325,292,ASN,ASN,0.0556,97.71,97.60,-0.11
326,293,SER,SER,0.0607,98.11,97.93,-0.18
327,294,THR,THR,0.0556,98.70,98.73,0.03
328,295,ILE,ILE,0.0654,98.84,98.80,-0.04
329,296,ILE,ILE,0.0693,98.89,98.89,0.00
330,297,ALA,ALA,0.0546,98.93,98.80,-0.13
331,298,PHE,PHE,0.0419,98.90,98.90,0.00
332,299,THR,THR,0.0507,98.90,98.83,-0.07
333,300,SER,SER,0.0455,98.83,98.72,-0.11
334,301,ASP,ASP,0.0487,98.82,98.43,-0.39
335,302,HIS,HIS,0.0452,98.84,98.60,-0.24
336,303,GLY,GLY,0.0355,98.52,98.44,-0.08
337,304,TRP,TRP,0.0905,98.79,98.78,-0.01
338,305,ALA,ALA,0.0627,98.50,98.64,0.14
339,306,LEU,LEU,0.0455,98.70,98.74,0.04
340,307,GLY,GLY,0.0595,98.56,98.57,0.01
341,308,GLU,GLU,0.0655,98.64,98.63,-0.01
342,309,HIS,HIS,0.0872,98.68,98.66,-0.02
343,310,GLY,GLY,0.0826,98.46,98.38,-0.08
344,311,GLU,GLU,0.0715,98.54,98.41,-0.13
345,312,TRP,TRP,0.0426,98.25,98.28,0.03
346,313,ALA,ALA,0.0466,97.04,96.63,-0.41
347,314,LYS,LYS,0.0820,97.70,97.42,-0.28
348,315,TYR,TYR,0.0341,98.61,98.24,-0.37
349,316,SER,SER,0.0484,98.31,98.10,-0.21
350,317,ASN,ASN,0.0714,98.85,98.68,-0.17
351,318,PHE,PHE,0.0607,98.89,98.87,-0.02
352,319,ASP,ASP,0.0644,98.87,98.78,-0.09
353,320,VAL,VAL,0.0399,98.81,98.81,0.00
354,321,ALA,ALA,0.0455,98.77,98.76,-0.01
355,322,THR,THR,0.0533,98.85,98.89,0.04
356,323,HIS,HIS,0.0395,98.85,98.85,0.00
357,324,VAL,VAL,0.0394,98.97,98.87,-0.10
358,325,PRO,PRO,0.0436,98.90,98.82,-0.08
359,326,LEU,LEU,0.0428,98.83,98.84,0.01
360,327,ILE,ILE,0.0496,98.71,98.74,0.03
361,328,PHE,PHE,0.0558,98.57,98.56,-0.01
362,329,TYR,TYR,0.0586,98.57,98.49,-0.08
363,330,VAL,VAL,0.0636,98.02,98.01,-0.01
364,331,PRO,PRO,0.0461,97.94,97.91,-0.03
365,332,GLY,GLY,0.0442,96.45,96.39,-0.06
366,333,ARG,ARG,0.0526,96.60,96.50,-0.10
367,334,THR,THR,0.0542,96.27,95.79,-0.48
368,335,ALA,ALA,0.0288,94.80,94.42,-0.38
369,336,SER,SER,0.0403,94.91,94.61,-0.30
370,337,LEU,LEU,0.0443,94.97,94.67,-0.30
371,338,PRO,PRO,0.0806,94.01,93.44,-0.57
372,339,GLU,GLU,0.1337,93.89,92.98,-0.91
373,340,ALA,ALA,0.2211,92.30,91.33,-0.97
374,341,GLY,GLY,0.1955,92.62,92.12,-0.50
375,342,GLU,GLU,0.0984,95.02,94.50,-0.52
376,343,LYS,LYS,0.0762,97.18,96.88,-0.30
377,344,LEU,LEU,0.0464,98.06,97.87,-0.19
378,345,PHE,PHE,0.0454,98.37,98.28,-0.09
379,346,PRO,PRO,0.0551,97.91,97.83,-0.08
380,347,TYR,TYR,0.0532,98.14,98.02,-0.12
381,348,LEU,LEU,0.0468,97.95,97.97,0.02
382,349,ASP,ASP,0.0300,98.18,97.97,-0.21
383,350,PRO,PRO,0.0530,98.00,97.83,-0.17
384,351,PHE,PHE,0.0760,97.86,97.68,-0.18
385,352,ASP,ASP,0.0828,95.70,95.24,-0.46
386,353,SER,SER,0.1620,88.69,87.35,-1.34
387,354,ALA,ALA,0.2268,77.97,75.87,-2.10
388,355,SER,SER,0.4396,69.74,67.93,-1.81
389,356,GLN,GLN,0.6249,66.71,65.93,-0.78
390,357,LEU,LEU,0.2397,77.87,77.09,-0.78
391,358,MET,MET,0.2114,87.52,87.62,0.10
392,359,GLU,GLU,0.1449,90.29,91.06,0.77
393,360,PRO,PRO,0.1053,86.97,88.85,1.88
394,361,GLY,GLY,0.1012,91.67,92.08,0.41
395,362,ARG,ARG,0.1113,96.55,96.19,-0.36
396,363,GLN,GLN,0.1041,96.65,96.69,0.04
397,364,SER,SER,0.1223,96.32,96.31,-0.01
398,365,MET,MET,0.1001,96.37,96.35,-0.02
399,366,ASP,ASP,0.0566,95.78,95.88,0.10
400,367,LEU,LEU,0.0796,97.13,97.00,-0.13
401,368,VAL,VAL,0.0768,98.08,97.99,-0.09
402,369,GLU,GLU,0.1113,98.55,98.39,-0.16
403,370,LEU,LEU,0.1100,98.85,98.68,-0.17
404,371,VAL,VAL,0.1278,98.63,98.20,-0.43
405,372,SER,SER,0.1561,98.54,98.11,-0.43
406,373,LEU,LEU,0.1952,98.76,98.45,-0.31
407,374,PHE,PHE,0.0891,98.79,98.36,-0.43
408,375,PRO,PRO,0.0450,98.45,97.98,-0.47
409,376,THR,THR,0.0815,98.45,98.15,-0.30
410,377,LEU,LEU,0.0799,98.73,98.50,-0.23
411,378,ALA,ALA,0.0707,98.59,98.29,-0.30
412,379,GLY,GLY,0.0706,97.58,97.29,-0.29
413,380,LEU,LEU,0.0849,97.89,97.59,-0.30
414,381,ALA,ALA,0.0911,98.26,97.99,-0.27
415,382,GLY,GLY,0.0979,97.29,97.05,-0.24
416,383,LEU,LEU,0.0671,98.07,97.78,-0.29
417,384,GLN,GLN,0.0861,97.95,97.57,-0.38
418,385,VAL,VAL,0.0847,97.82,97.40,-0.42
419,386,PRO,PRO,0.0968,98.47,97.99,-0.48
420,387,PRO,PRO,0.1033,98.38,97.85,-0.53
421,388,ARG,ARG,0.1137,98.23,97.93,-0.30
422,389,CYS,CYS,0.1413,98.50,98.03,-0.47
423,390,PRO,PRO,0.1110,98.13,97.21,-0.92
424,391,VAL,VAL,0.0710,97.53,96.61,-0.92
425,392,PRO,PRO,0.0633,97.32,96.02,-1.30
426,393,SER,SER,0.0865,98.09,95.96,-2.13
427,394,PHE,PHE,0.0457,98.08,95.77,-2.31
428,395,HIS,HIS,0.0875,98.11,96.72,-1.39
429,396,VAL,VAL,0.0732,98.50,96.92,-1.58
430,397,GLU,GLU,0.0642,98.79,97.07,-1.72
431,398,LEU,LEU,0.0549,98.80,97.80,-1.00
432,399,CYS,CYS,0.0493,98.84,98.44,-0.40
433,400,ARG,ARG,0.0621,98.54,97.94,-0.60
434,401,GLU,GLU,0.1007,98.27,97.65,-0.62
435,402,GLY,GLY,0.2014,97.59,97.17,-0.42
436,403,LYS,LYS,0.2925,95.90,96.00,0.10
437,404,ASN,ASN,0.2367,95.73,95.13,-0.60
438,405,LEU,LEU,0.0530,96.82,95.80,-1.02
439,406,LEU,LEU,0.0895,93.75,93.55,-0.20
440,407,LYS,LYS,0.1500,91.69,91.69,0.00
441,408,HIS,HIS,0.0456,90.56,90.89,0.33
442,409,PHE,PHE,0.0911,87.86,88.17,0.31
443,410,ARG,ARG,0.3541,78.89,74.96,-3.93
444,411,PHE,PHE,0.8223,68.64,61.63,-7.01
445,412,ARG,ARG,1.3835,54.55,46.47,-8.08
446,413,ASP,ASP,1.8828,50.87,45.28,-5.59
447,414,LEU,LEU,3.2096,52.32,46.24,-6.08
448,415,GLU,GLU,3.4454,50.70,44.52,-6.18
449,416,GLU,GLU,3.4844,54.19,41.99,-12.20
450,417,ASP,ASP,1.8365,60.41,48.84,-11.57
451,418,PRO,PRO,1.7458,55.86,44.18,-11.68
452,419,TYR,TYR,3.4514,53.02,48.53,-4.49
453,420,LEU,LEU,1.4806,59.40,43.12,-16.28
454,421,PRO,PRO,0.6534,68.21,62.20,-6.01
455,422,GLY,GLY,0.6614,76.27,74.09,-2.18
456,423,ASN,ASN,0.2304,85.09,84.26,-0.83
457,424,PRO,PRO,0.1993,85.82,85.50,-0.32
458,425,ARG,ARG,0.1890,87.97,87.77,-0.20
459,426,GLU,GLU,0.1955,86.81,86.94,0.13
460,427,LEU,LEU,0.1977,90.81,90.42,-0.39
461,428,ILE,ILE,0.1497,94.62,94.53,-0.09
462,429,ALA,ALA,0.0898,96.58,96.36,-0.22
463,430,TYR,TYR,0.1008,97.43,97.30,-0.13
464,431,SER,SER,0.0825,98.29,97.95,-0.34
465,432,GLN,GLN,0.0760,98.72,98.50,-0.22
466,433,TYR,TYR,0.0545,98.87,98.66,-0.21
467,434,PRO,PRO,0.0635,98.90,98.70,-0.20
468,435,ARG,ARG,0.0474,98.92,98.81,-0.11
469,436,PRO,PRO,0.0565,98.80,98.63,-0.17
470,437,SER,SER,0.0636,98.86,98.69,-0.17
471,438,ASP,ASP,0.0890,98.83,98.71,-0.12
472,439,ILE,ILE,0.0655,98.89,98.77,-0.12
473,440,PRO,PRO,0.0470,98.69,98.37,-0.32
474,441,GLN,GLN,0.0091,98.32,98.04,-0.28
475,442,TRP,TRP,0.0258,97.79,97.48,-0.31
476,443,ASN,ASN,0.0392,97.94,97.11,-0.83
477,444,SER,SER,0.0373,98.60,98.22,-0.38
478,445,ASP,ASP,0.0474,98.62,98.13,-0.49
479,446,LYS,LYS,0.0764,98.56,97.65,-0.91
480,447,PRO,PRO,0.0541,98.85,98.17,-0.68
481,448,SER,SER,0.0579,98.79,97.67,-1.12
482,449,LEU,LEU,0.0609,98.72,97.02,-1.70
483,450,LYS,LYS,0.0725,98.70,97.64,-1.06
484,451,ASP,ASP,0.0391,98.82,98.22,-0.60
485,452,ILE,ILE,0.0657,98.99,98.57,-0.42
486,453,LYS,LYS,0.0693,98.85,98.75,-0.10
487,454,ILE,ILE,0.0862,98.90,98.81,-0.09
488,455,MET,MET,0.0913,98.80,98.71,-0.09
489,456,GLY,GLY,0.0931,98.72,98.52,-0.20
490,457,TYR,TYR,0.1056,98.35,97.77,-0.58
491,458,SER,SER,0.0992,98.29,97.95,-0.34
492,459,ILE,ILE,0.1274,96.96,96.56,-0.40
493,460,ARG,ARG,0.1156,97.64,97.33,-0.31
494,461,THR,THR,0.1374,96.63,96.33,-0.30
495,462,ILE,ILE,0.1611,95.67,95.26,-0.41
496,463,ASP,ASP,0.1761,94.73,93.92,-0.81
497,464,TYR,TYR,0.1578,96.37,95.86,-0.51
498,465,ARG,ARG,0.1322,97.77,97.45,-0.32
499,466,TYR,TYR,0.1207,97.05,96.47,-0.58
500,467,THR,THR,0.1094,97.86,97.48,-0.38
501,468,VAL,VAL,0.1179,97.45,96.95,-0.50
502,469,TRP,TRP,0.0952,98.40,98.22,-0.18
503,470,VAL,VAL,0.1123,98.04,97.51,-0.53
504,471,GLY,GLY,0.0955,98.72,98.33,-0.39
505,472,PHE,PHE,0.0983,98.83,98.64,-0.19
506,473,ASN,ASN,0.0845,98.80,98.50,-0.30
507,474,PRO,PRO,0.0856,98.73,97.92,-0.81
508,475,ASP,ASP,0.0898,98.40,97.34,-1.06
509,476,GLU,GLU,0.1129,98.40,97.31,-1.09
510,477,PHE,PHE,0.1278,98.46,97.29,-1.17
511,478,LEU,LEU,0.1540,98.63,98.12,-0.51
512,479,ALA,ALA,0.1195,98.31,97.72,-0.59
513,480,ASN,ASN,0.1362,98.02,97.53,-0.49
514,481,PHE,PHE,0.1481,96.84,95.63,-1.21
515,482,SER,SER,0.1566,96.68,95.58,-1.10
516,483,ASP,ASP,0.1283,97.53,96.90,-0.63
517,484,ILE,ILE,0.1325,97.06,96.55,-0.51
518,485,HIS,HIS,0.1291,97.93,97.70,-0.23
519,486,ALA,ALA,0.1301,97.54,97.20,-0.34
520,487,GLY,GLY,0.1264,97.02,96.83,-0.19
521,488,GLU,GLU,0.1160,97.14,96.92,-0.22
522,489,LEU,LEU,0.1364,96.79,96.48,-0.31
523,490,TYR,TYR,0.1403,97.48,97.38,-0.10
524,491,PHE,PHE,0.1758,95.91,95.54,-0.37
525,492,VAL,VAL,0.1673,95.88,95.77,-0.11
526,493,ASP,ASP,0.1939,96.02,95.82,-0.20
527,494,SER,SER,0.1879,96.13,95.80,-0.33
528,495,ASP,ASP,0.1673,98.00,97.72,-0.28
529,496,PRO,PRO,0.1557,98.24,98.12,-0.12
530,497,LEU,LEU,0.1199,98.56,98.45,-0.11
531,498,GLN,GLN,0.1329,98.79,98.69,-0.10
532,499,ASP,ASP,0.1371,98.71,98.61,-0.10
533,500,HIS,HIS,0.1584,97.83,97.70,-0.13
534,501,ASN,ASN,0.1387,97.17,96.69,-0.48
535,502,MET,MET,0.1553,96.43,95.94,-0.49
536,503,TYR,TYR,0.1439,95.51,94.62,-0.89
537,504,ASN,ASN,0.1524,93.61,92.71,-0.90
538,505,ASP,ASP,0.2131,92.22,91.42,-0.80
539,506,SER,SER,0.2839,91.03,89.40,-1.63
540,507,GLN,GLN,0.5443,88.47,85.65,-2.82
541,508,GLY,GLY,0.4763,87.18,83.76,-3.42
542,509,GLY,GLY,0.4027,86.25,84.46,-1.79
543,510,ASP,ASP,0.4357,87.48,85.37,-2.11
544,511,LEU,LEU,0.3944,82.57,82.76,0.19
545,512,PHE,PHE,0.3445,77.13,78.13,1.00
546,513,GLN,GLN,0.2095,79.84,80.33,0.49
547,514,LEU,LEU,0.2142,78.65,77.18,-1.47
548,515,LEU,LEU,0.3303,76.64,73.82,-2.82
549,516,MET,MET,0.4093,82.44,77.52,-4.92
550,517,PRO,PRO,0.5327,65.03,58.40,-6.63
